text,label,index
"considerate le ""camere dell'eco"" nel dibattito, la conclusione è che su twitter non è facile scovare (e convincere!) gli incerti, coloro che non sono antivax ma hanno dubbi sui vaccini. su questo, stiamo lavorando a un nuovo paper. grazie ai colleghi di user_fondazione! 5/5",1,A594
conte scavalca il parlamento per dare altri 300 mln al vaccino di bill gates link,2,A595
stefano montanari: un altro eroe antivaccinista lascia | nextquotidiano link,2,A1263
siamo solo delle piadine  #coronavirus #vaccino link,1,A1248
"user credo che riaprire domani, a maggio o giugno non cambierà nulla in termini di contagi. non c'è ancora immunità di gregge, non c'è vaccino né un antivirale efficace. e ovviamente stando a casa non si uccide il virus. credo che la questione sia solo economica. in italia e nel mondo",0,A294
link ricerca. manfredi: italia all'avanguardia anche su vaccino anti-covid - link,1,A855
coronavirus: il senatore d'anna ritira dimissioni da presidente ordine biologi.  -novax -dice �virus � una banale influenza� -anni fa ha fatto il saluto romano in parlamento  -sospeso 5 gg. per frasi sessiste.  il punto �: come mai � presidente dell�ordine? come mai � senatore?,0,A711
"coronavirus, trump: “il vaccino è vicino”. wall street apre in rialzo, ma poi gira in rosso link",1,A687
"user user user l'rticolo linkato: dice che le categorie da isolare sono quelle che hanno fatto il vaccino, perché fa il vaccino chi è a rischio. e' stato interpretato in maniera errata da chi dice che le categorie sono da isolare a causa del vaccino, non è quello che c'è scritto",0,A292
"user_aie non è così. puoi fare i test a manetta anche a chi parte. con politiche solide internazionali. è come in lombardia, i focolai lavorativi sono un casino infinito. e molto più difficili da tracciare. il virus non sparisce prima del vaccino.",0,A307
coronavirus: il vaccino esiste già! ecco l'arma segreta anti-covid-19 svelata dal prof. robert gallo link #meteo via user,2,A714
"user user user user_di_marzo user_gori ma questa è una malattia che non dà immunità,  e quindi non sarà un vaccino a risolvere il problema",2,A235
al dott. #rezza vorrei chiedere se chi ha fatto bil vaccino antinfluenzale ha una qualche protezione dal #codvid19italia ( seppur preparato per altro virus) #livenoneladurso,1,A484
“vaccino obbligatorio per over 65 anni”così zingaretti. sei d'accordo? forum link,1,A52
"tratto dal discorso di #henrykissinger al user il 25.02.09.  si nota una certa somiglianza con gli intendimenti di user /#rockefeller , che ne è l'erede intellettuale... ora, sotto coi #vaccini..! #covidー19  #coronavirus  #covid19  #novax link",2,A1283
"#italiani tranquilli gli #americani vi salveranno #coronavirus e #vaccino , azienda #usa annuncia sperimentazione entro #aprile #italia #covid19italia - il sole 24 ore link",1,A405
“il covid-19 è come l’hiv: non ci sarà mai un vaccino ci salverà solo un farmaco”: lo studio pugliese sul coronavirus non accettato dal governo -  #covid-19 #l’hiv: #vaccino #salverà  link,2,A49
mascherine obbligatorie fino a quando non si sarà trovata una cura efficace e un vaccino (tra una e e una o c'è un abisso) e applicazione non obbligatoria.  #conte #senato #covid19 #covidー19 link,0,A1070
"#macron chiede che il vaccino #sanofi sia un ""bene pubblico"". un brutto risveglio per gli adepti del libero mercato link",1,A411
"diritto al vaccino, c’è sempre la «crisi di sanità pubblica» link",1,A769
un batterio intestinale complice dell'infarto. lo hanno scoperto scienziati del policlinico universitario umberto i di roma. la scoperta potrebbe gettare le basi per un vaccino preventivo anti-infarto e per terapie mirate. #ansa #infarto #salute #cuore link,0,A1301
"+++#gravina: ""tutti invocano il blocco, lo faccia il #governo, ce lo imponga, io rispetterò sempre le regole. sento dire che dobbiamo aspettare il contagio 0 e il vaccino. in questo modo ci stanno dicendo che non potremo disputare neanche il campionato 2020/2021+++ #seriea",0,A443
"buonasera, oggi all  conferenza stampa della protezione civile, parlavano di un vaccino quasi imminente.. potrebbe avere relazioni con questo medicinale. interessante anche la teoria sulla morte dei piu' giovani user link",1,A553
"il peggio del peggio  #corrieredellasera: coronavirus, la nuova battaglia di burioni: «prima i no-vax, ora i no-mask». link  tramite user",1,A930
parliamo di efficacia del vaccino antinfluenzale: la copertura tra gli anziani over 65  aumentata dal 20% del 1980 sino al 61% nel 2001. nello stesso periodo di tempo sono aumentate le stime della mortalit nella stessa fascia d'et.  link,2,A1142
"coronavirus – su internet la truffe di sedicenti farmaci anti covid-19: oscurati 4 siti web - ... ricerca di una terapia o un vaccino efficace contro il covid-19, impazza su internet la vendita illegale di sedicenti terapie contro il nuovo coronavirus, ...",1,A603
"insieme al vaccino, a un bambino verrebbe iniettato un po 'di colorante invisibile ad occhio nudo ma facilmente visibile con uno speciale filtro per telefono cellulare user user user user_gibilisco user  link",1,A972
"user user user user ah... una cosa è sicura, non può sostiituire il vaccino. può, come le altre terapie, aiutarci ad arrivare al vaccino con meno morti. senza illudersi, senza cure miracolose ma ""non cielo dicono!"".",0,A151
"coronavirus, fauci al senato: ""morte e sofferenze se riapriremo usa troppo presto"". il vaccino? ""fra un anno o due"" link link",1,A644
"63 morti per morbillo. quasi tutti bambini. grazie, antivaccinisti, il vostro ""principio di precauzione"" sta avendo un successone. link",0,A457
user un vaccino contro il cancro (hpv) è efficacissimo e sicurissimo. il 50% dei genitori lo rifiuta per i figli adolescenti,0,A165
"per il covid serve una cura più che il vaccino. il virus non deve più spaventarci. per il prossimo autunno, a differenza di quanto si prospetta secondo l’oms e la comunità scientif≈©≈©ica, saremo, in larghissima parte, naturalmente immunizzati. user link",2,A1151
"cosa non è chiaro nel fatto che per avere il plasma devi avere dei guariti, ovvero dei malati sopravvissuti, mentre il vaccino serve ad evitare i malati? esiste gente che pensa che questa cura consista nel prelevare sangue da un guarito a caso e iniettarlo in un malato a caso...",1,A730
si parla molto di vaccino per il cobit 19 ma che garanzia c'è che sia presto ? se per l'aids ancora oggi dopo 24 anni dalla comparsa (1986) non è stato realizzato ?,0,A1245
quando sarà pronto (realisticamente) il vaccino contro il coronavirus -  #quando #pronto #(realisticamente)  link,1,A1187
"lo ribadisco. ci vuole un jumbo eurobond da 500-750mrd sottoscritto da bce, banche, assicurazioni, ri-assicurazioni e fondi pensione europei, per: 1) sostegno a strutture ospedaliere; 2) ricerca per vaccino; 3) sostegno a famiglie e pmi. sveglia!!!! #missionactnow",0,A1042
"io voglio un’alternativa allo “state a casa” non perché stia male ma perché non può essere la cura al #covid19 nel lungo periodo, in attesa che un vaccino pronto fra 18 mesi (o forse mai come per altri virus) faccia la sua comparsa.",0,A980
"al loro con confronto, i terrapiattisti sono degli innocui creduloni ... coronavirus, 'movimento genitori lombardia': ""vaccino? noi non lo faremo"" - la stampa link",0,A485
"zingaretti: 'la mascherina diventi la moda dell'estate, la metteremo fino al vaccino' link via user  maledetti",1,A1377
grande articolo del washington post - fatto davvero bene - che spiega come si diffonde un virus.  per tutti quelli che dicevano che il numero dei contagi “deve” fermarsi. purtroppo non si ferma. solo vaccino o tutti contagiati lo fermano.   link,0,A832
"coronavirus, l`ultimo delirio dei no-vax: `il vaccino? rischia di fare danni` - link link",0,A663
complotto numero 229 link #coronavirus #novax #satira #complotti,1,A588
#motogp: un vaccino per correre #coronavirus #ezpeleta #covid19 link,1,A417
"#gualtieri definisce l'intervista di bonomi (rilasciata l'indomani delle manifestazioni di fascisti e no vax) ""ingenerosa"". invece la parla più opportuna sarebbe stata ""pericolosa"".  ecco un tema 'evaso' dal numero 1 di confindustria. #italia post #covidー19 link",1,A402
"coronavirus, l'italia tra i primi paesi ad avere il vaccino. speranza: firmato l'accordo con astrazeneca link",1,A660
user user anche un semplicissimo herpes non ha vaccino ... è un virus...ci conviviamo,2,A259
"coronavirus, “sul vaccino c’è troppo ottimismo’   link",1,A619
"tra le tante cose,sul web circola la storia degli extracomunitari non colpiti dal covid-19,per via della vaccinazione antitubercolare....altra bufala?",1,A1281
"vaccino e covid-19: cosa sappiamo  una visione narrativa di cosa sta succedendo f. marchetti, c. guiducci  medico e bambino 2020;39(5):297-299  link (ad accesso… link",1,A1338
"user_naive tieni comunque conto che il covid è soprattutto una polmonite virale! la spagnola, fu una polmonite virale, che fece una vera strage! da quel periodo ad oggi, sono passati più di 100 anni, ed ancora non esiste un vaccino, contro la polmonite!",1,A213
"user user user peccato che a prescindere dalla cura, il vaccino serva.",0,A245
coronavirus: due cure sperimentali. e l'attesa per il vaccino link via user,1,A707
"era da un pò che non passavo su twitter ma sto #coronavirusitalla sta a tirà fuori il meglio di voi. virologhi, novax, fuggitivi, rancorosi, stamo a casa, no uscimo, siete bellissimi.",1,A801
"#coronavirus, patto europeo per il vaccino. lunedì sottoscrizione da 7,5 miliardi. il documento dei leader ue. lettera firmata da conte, macron, merkel, michel, von der leyen, solberg. una risposta globale: lavorare insieme per guarire il mondo. link",0,A382
"#coronavirus, il terrore continuera' finche' non arrivera' il ""#vaccino miracoloso"". tanto i decessi da strumentalizzare non mancano... link",2,A377
"medici coraggiosi ❤️  in merito all'obbligo del vaccino anti-inflienza medici specialisti in igiene, epidemiologia, statistica, ematologia e pediatria hanno pubblicato un dossier scientifico, scaricabile gratis da link  link",2,A1072
user user user user user user user user user user user user user user user user user user user_ user user user user user user user user user user user buongiorno lidia. saremo anche un popolo di adolescenti ma dobbiamo crescere e non è possibile rimanere a casa fino a quando si troverà il vaccino. non possiamo permetterci di vivere di rendita . non tutti almeno.,1,A296
"i miei figli sono vaccinati per la #varicella.c'� stata una bella epidemia e loro stanno bene, felici e senza aver preso nulla. davide � del 2012 e abbiamo pagato il vaccino perch� era a pagamento. rinunciate a qualsiasi cosa ma #vaccinate per i vostri figli e per gli altri.",0,A880
"tutto questo ci porterà 10 anni di film e serie tv sul coronavirus. dalle ciofeche alle americanate e ogni paese avrà il suo eroe che scopre il vaccino, nottetempo e per sbaglio. link",1,A1297
"#coronavirus, papa: ho chiesto a dio di fermare l'epidemia. a posto, dite pure a medici e ricercatori di interrompere gli studi per trovare un vaccino, non serve pi�. #covid19italia #covid19",0,A380
i #vaccini sono sempre sicuri...o no? link  #vaccino #salute,2,A867
"ma guarda a volte il caso, sui media non si fa altro che parlare di #coronavirus e, taaaaaaac, subito ci si mette al lavoro per un vaccino apposito.  ma guarda a volte le coincidenze. link",2,A1051
"--- magari un richiamino ogni tanto --- #covid2019  10 anni prima: ""di vaccino si può morire"" link di il blog di beppe grillo",2,A2
come volevasi dimostrare... oplà!  la società farmaceutica americana ''moderna'' e' vicina al primo vaccino contro il coronavirus link,2,A586
"associazione corvelva - vaccino merck, il caso degli informatori verso una risoluzione link",1,A516
user e il vaccino c'è l'hanno in caso qualcosa o qualcuno di loro dovesse succedergli qualcosa,1,A208
"""si è aperto anche un conflitto sul vaccino. è evidente che impadronirsi del vaccino prima degli altri è un vantaggio competitivo. a questo scandalo si dovrebbe reagire.""  massimo d'alema a #ctcf #stiamoancoraattenti link",1,A40
"tutti alla ricerca vaccino covid, nuovi test e fondi. alleanza ue per le forniture - metropolisweb link",1,A1294
"user_ansa chiss� perch� il #vaccino ce lo propinano sempre a noi italiani , i #migranti arrivano con tutte le pestilenze possibili mai sentito un urgenza di vaccinazione per loro...in effetti siamo noi da eliminare...",2,A84
user user user user user user user user_maccari sai dove se lo possono mettere il loro inutile e schifoso vaccino? anthony fauci ha dichiarato che il vaccino aumenta il rischio di infezione. i vaccini sono dannosi. vatti a vedere i risultati dell'analisi su 4 vaccini presentati alla camera.,2,A129
trump cerca di accapparrarsi il vaccino anti covid19. quindi vuol dire che cel hanno gia! il virus evidentemente è da laboratorio!,2,A1285
ne ho conosciuta una che non ha fatto i vaccini al figlio...però dice che gli vorrebbe fare quello per il tetano..... ma vai a fan culo.....no vax....poveri imbecilli,0,A1098
"user io sono contro questo vaccino, in particolare. il vaccino viene fatto con le stesse cellule del virus, il covid-19 è un misto tra la cellula del pipistrello e quella del topo. farmi iniettare questo schifo mi fa orrore. bisogna ribellarsi a questo vaccino.",2,A276
capisco che zaia per  lascienza stia scombinando i piani... perch se la cura funzionasse...a cosa servirebbe poi il vaccino??? ???????????? #coronavirus link,2,A559
covid-19: cosa succederebbe se il vaccino non uscisse mai? link,1,A738
"#coronavirus, ecco i due farmaci che fanno sperare i contagiati ma la missione è il vaccino  link",0,A373
user user dei 900 pazienti del dr zelenko nessuno è morto . aspettiamo questi trial su pazienti che muoiono al 90% dopo giorni di ti ? o gli diamo tachipirina in attesa di un fantomatico vaccino che non funzionerà perché il virus muta velocemente ? e infine che interesse avrebbe bigfarma ?,2,A66
asl di #reggioemilia ssr #emiliaromagna questo invito alla vaccinazione per un #vaccino non obbligatorio  da denuncia! siete dei criminali venduti alla #gsk e i genitori che accettato sono imbecilli perch non si informano! link,2,A513
il fumetto dell’ue del 2012 dove era stato previsto tutto: dalla pandemia al vaccino  link,2,A914
"il #vaccino  sicuro... tranne quando c una reazione avversa. paga lo stato, cio paghiamo noi con le tasse perch chi produce sa bene che ci sono le reazioni avverse! non pu esserci obbligo dove c un rischio! #libertadiscelta link",2,A900
coronavirus: il medical center dell’università di pittsburgh ha sviluppato un primo potenziale vaccino link,1,A710
avete mai sentito notizie di un vaccino che abbia causato gravi danni collaterali a 5 persone in un mese nella stessa provincia?  appunto. #meningite #bergamo   link via user,2,A524
"user prima o poi bisognerà dare qualche piccola libertà alle persone, non possiamo restare chiusi in casa fino a che non si trova un vaccino (anche perché si parla di parecchi mesi)",0,A75
"fanno il vaccino antinfluenzale, poi si ammalano e prendono l'influenza, alcuni purtroppo muoiono, e nemmeno si fanno domande.  si puo' morire d'influenza a 11 anni...no,  si puo' morire iniettandosi sostanze neurotossiche...si.  link link link",2,A808
user per risolvere l'epidemia bisogna contenerla aldilà del vaccino e per farlo bisogna evitare i contagi di rientro.,1,A168
"ma le sue forti parole di ieri 10 maggio 2020, non lasciano adito a dubbi.  “l’america riparte e il #covid si sta sgonfiando senza l’ausilio di alcun vaccino presente e futuro” una bocciatura clamorosa del progetto caldeggiato dalla #oms, da #billgates e da #anthonyfauci. link",2,A1059
"postate tra i commenti tutte le foto dei vostri figli danneggiati, anche quelli che purtroppo oggi non ci sono pi!  non nascondetevi dietro una tastiera il silenzio  complice!!!!  mettete foto nome e poi scrivete danneggiato da vaccino!  link link",2,A1168
"..""special guest"": villani""pediatra""che ci offre i termini del novo vaccino, prontissimo,anzi:è qua! #popolobue ostaggio e psichicamente coinvolto nova sindrome #sindromelombardia®  (l'uso hashtag è subordinato alla donazione spiccioli,in attesa buonipasto)link",2,A12
"se il problema era il guadagno del vaccino lo pagavo a parte. invece il problema è noi siamo le cavie per vedere se va bene (rsa), tale scelta è dei nostri proprietari. dal '34 sottraggono forzatamente i ns risparmi con crisi crak terremoti ecc. e lo stesso i governanti.",2,A1235
"covid-19, allo studio un vaccino che si somministra con un cerotto - il sole 24 ore user link",1,A734
"il #vaccino e i suoi effetti collaterali : in africa ci sono pi casi di polio derivata che di virus selvaggio.  ma non vi preoccupate, sar colpa dei #novax anche in questo caso   link",2,A902
il user ha fatto benissimo a liberarsi dai no vax. un segnale di continua maturazione politica.,0,A894
"#coronavirus, negli usa il primo #vaccino testato sull'uomo. somministrato ad un volontario di seattle, per validarlo ci vorr almeno un anno #emergenzacovid19 #ansa link",1,A379
"link abbiamo parlato spesso della correlazione tra morte in culla e vaccino esavalente. riporto a tal proposito un interessante articolo del 2014, dove si rilevava la necessit di uno studio in merito...a tale data era ancora concesso avere dubbi!",2,A848
il virus potrebbe restare in circolazione anche dopo la scoperta di un vaccino. dal liveblog di internazionale. link,1,A954
meraviglia! ora persino beppe grillo si concede uno spot a sostegno del vaccino contro il papilloma virus umano. ma facciamo pure finta che anni fa ne condannava l'uso indiscriminato... link,2,A1078
"#coronavirus, il presidente irbm di pomezia: «il #vaccino? già inviate a oxford centinaia di dosi per i test» link user",1,A376
user user e pure i danni sono a carico nostro e non delle aziende produttrici  6.000.000 di euro spesi per danni da #vaccino solo in #emiliaromagna.  piacerebbe sapere il totale in tutta italia. link,2,A227
user su questo non ci conterei purtroppo. senza vaccino a settembre siamo punto e a capo. il punto è che nel frattempo migliorino la ricezione ospedaliera e le cure per ridurre la letalità,0,A231
live coronavirus ultime notizie in diretta: new york lockdown fino al 13 giugno. trump confida nel vaccino entro l’anno -  #coronavirus #ultime #notizie  link,1,A1041
user #blobscko mai abbassare la guardia... anche per il periodo dopo eventuale vaccino. per essere immuni ci vogliono dalle due alle tre settimane..... e non è detto che chi l'ha avuto resti immune per molto attenti,1,A137
"creare lepidemia, portare la popolazione allincubo malattia e annunciare la lieta novella: abemus vaccinum! ruba galline, ladri di vite umane, con quale coraggio iniettate farmaci ai vs simili? link",2,A741
"lo studio che smentisce tutto ► ""vaccino inutile! covid virus banale che... link di user",2,A1045
"cosa spinge robert f. #kennedy jr. ad esporsi fino al punto di sfidare pubblicamente la #merck, produttrice del vaccino #gardasil, a citarlo in giudizio per calunnie????? #vaccini  link",2,A731
"user user se ammalarsi di covid-19 e guarirne non conferisce immunità, come potrà mai conferirla un vaccino? si ritiene tanto intelligente da bollare come demente la sen. cunial ma allo stesso tempo non riesce a fare una deduzione così elementare...",2,A330
"user in cina sono rimasti ""blindati"" circa 2 mesi e ora con estrema cautela iniziano ad uscire...se non abbiamo un vaccino, la trafila e' questa, non ci sono alternative.",0,A239
e forse è davvero giusto estinguersi... #24marzo #coronavirusitalia #covid19italia #covidー19 #novax #coronavid19 #untemaalgiorno #iorestoacasa #teamestinzione link,0,A787
new fb postl'idea dell'app che monitora i contatti non piace per niente ai no vax. pur rimanendo dell'opinione che ci sono dei punti del design che vanno chiariti (server centrali vs peer to peer) già che quella banda di coglioni si mobilita contro mi pare un buon motivo per…,0,A1104
alleanza tra giganti per il vaccino antivirus link,1,A494
"per chi ancora non l'avesse capito.  l'obiettivo delle case farmaceutiche  quello di entrare nel mercato delle persone sane.  le persone sane sono tutti gli abitanti della terra, 7 miliardi di potenziali clienti, le persone malate solo una microscopica percentuale di essi. link",2,A1149
a oxford azzardano: vaccino pronto in autunno link,1,A466
"user user non è così il virus muta, è come pensare di vaccinarsi dal raffreddore per cui il vaccino non serve a nulla. o meglio serve a fare interessi case farmaceutiche",2,A262
"vediamo se cos lo capite, cazzo!  in america esentati dai vaccini i bambini ricchi!!!! ora, secondo voi, vogliono far morire i figli dei ricchi, o possono essere sacrificati i poveracci coi vaccini ????? dai, su che ci arrivate prima che vi sparino il microchip su per il culo! link",2,A1359
"coronavirus - financial times: ""in uk forse 41mila morti, più del doppio delle cifre ufficiali"". onu: ""rischio carestia di proporzioni bibliche"". primo ok per test del vaccino su un uomo in germania link",1,A602
"l'immagine che ho allegato al presente tweet � un post pubblicato su fb da barbara nardella, la nonna del piccolo samuel, la quale scrive che � stata effettuata una seconda autopsia sul corpo del piccolo, dalla quale � emerso che � morto a causa di un vaccino ... segue",2,A991
"coronavirus, fauci e scienziati usa: “piano senza precedenti per vaccino”  link",0,A645
vorrei sapere perché si continua a dare credito solo a coloro che profetizzano nuove sventure! forieri di sfiga 1 : teste pensanti 0! perché? il premio nobel beutler: «non ci sarà una seconda ondata del virus. il vaccino? solo a inizio 2021» link,1,A1370
una mia conoscente no-vax spera che trovino il vaccino per il coronavirus nel più breve tempo possibile.,0,A1308
19 novembre 2019! invalida per colpa del vaccino contro l'influenza. il ministero della salute condannato a risarcirla,2,A449
"user a tutti gli scenziatoni #novax , va bene se non volete farlo, ma se vi contagiate poi vi andate a pagare tutte le spese mediche privatamente, così non peserete con la vostra ignoranza al ssn",0,A345
"user tieni comunque conto che verosimilmente prossimo o fra qualche anno diventerà l'influenza stagionale. ma avremo il vaccino (speriamo). e come quest'anno, credo che lo farò. voi?",0,A131
user bobby kennedy jr. sostiene che il dr. fauci e la gates foundation guadagneranno miliardi sul vaccino contro il coronavirus bobby kennedy jr. sta avvertendo il mondo dei pericoli delle vaccinazioni. link link,2,A268
user user fallo ai tuoi cari il vaccino traditore della patria. ti auguro di pagare tutto questo al più presto.,2,A247
"user user se permetti io continuo ad essere prudente e ad aspettare il vaccino, la prospettiva di ammalarmi e di essere forse salvato in extremis se forse qualcuno dona un plasma forse che va bene, forse sicuro, forse che lo danno a me e non ad altri... mi appassiona poco...",0,A232
user user ne riparliamo quando una grande impresa svilupperà un vaccino. quel vaccino. quello che aspettano tutti.,0,A98
"@_ilovedelpo eh no ma anche l'influenza è pericolosa per chi ha altri problemi, infatti ogni anno muoiono migliaia di persone per complicanze dovute all'influenza. al vaccino ci stanno lavorando, speriamo arrivi presto.",0,A63
il business dei #vaccini. senza contare il fatto che i bambini vaccinati poi si ammalano molto pi degli altri. link,2,A908
"user user_donato per uscirne, in attesa di vaccino, è obbligatorio tornare a far funzionare le strutture sanitarie in modo normale dimininuendo drasticamente il numero dei ricoverati e contemporaneamente raddoppiando il numero di posti letto disponibili compresi quelli della terapia intensiva.",0,A299
"ai complottisti, ai #novax, a chi “ è colpa di #bigpharma “ etc etc............ ma andate a cacare. #tocilizumab #13marzo #coronavirus #covid_19 #spallanzani",0,A481
"malattia potenzialmente letale:  - no cura - no vaccino  no obbligo ma fiducia.   malattie esantematiche:  - curabili - potenzialmente innocue  obbligo, sanzione,  nas, esclusioni, ghettizzazione sociale, derisione, persecuzione ed emarginazione consentite.  #vaccini link",2,A1067
user ultima ora! #aifa vieta le cure! la pandemia deve continuare per arrivare al #vaccino!!! fermate questi criminali! commissariate aifa! non bastano 33.000 vittime! #covid #coronavirus  link,2,A71
"user_ il vaccino per l'influenza non è obbligatorio ma raccomandato alle fasce a rischio (anziani, immunodepressi, etc). il 30% è un'ottima percentuale.",0,A178
ptv news 25.02.2020 - #covid19 gli usa alla ricerca del vaccino - pandora tv link,1,A1178
"coronavirus, giovanni rezza (iss): “vaccino? alcuni sono molto avanti. ho fiducia che virus non muterà del tutto” link",0,A646
"coronavirus, oms: per vaccino dovremo attendere almeno 18 mesi link",1,A674
"vaccino anti-covid, italia in prima fila con 130 milioni. telefonata conte-gates link link",1,A1318
"x dare avvio agli anticorpi di fare il proprio lavoro ...vaccino per il covid-19 sintetizzato a pomezia, verrà sperimentato in uk link",1,A1372
"lâindustria della vaccinazione, storia e contro storia - pietro ratto #byoblu24 link 31",2,A1025
user user user user le sfugge la differenza fra #vaccino e vaccino obbligatorio. quando sarà pronto ognuno deve decidere in accordo con il proprio medico di fiducia se farlo o meno. per esempio per questo medico è meno letale di polmoniti normali... link,2,A126
‘world against covid 19’ lanciato piano cooperazione globale per vaccino link,1,A14
"user user te lo dicono i virologi che prima di 18 mesi non sarà pronto il vaccino, che prima di ottobre è difficile tornare alla normalità e che non si può escludere l’ondata di ritorno ... fatti due conti e vediamo dove arriviamo.",1,A219
c' un bambino in terapia intensiva a causa di febbre e convulsioni dopo il vaccino mprv ma nessuno ne parla. come mai? #vaccini link,2,A555
"invece di investire i soldi nella ricerca di un vaccino si spendono per verificare se il virus ci sta tra i coglioni. ora, non so se il covid sta proprio lì ma questo spreco di denaro di sicuro mi sta sopra i #testicoli",0,A977
user user_2022 che inizi a provarlo speranza conte di maio e mattarella....io credo il mio posto a loro...e chi se lo fa il vaccino????,2,A309
"tanti insistevano che brevettassi il vaccino, ma non ho voluto.  il mio regalo a tutti i bambini del mondo il 3 marzo 1993 moriva albert sabin, il medico che ide il vaccino antipolio. non lo brevett perch potesse essere disponibile a tutti link link",0,A1274
"coronavirus: 229 i contagiati in italia, 7 le vittime | ricciardi (oms): due anni per il vaccino | conte: gestione di un ospedale fuori dai protocolli  #coronavirus link link",1,A698
i no vax e la disinformazione sul vaccino del covid-19 prima ancora che esista un vaccino link via user,0,A883
"dopo l'intervista di pregliasco che ha dichiarato pubblicamente l'importanza del vaccino antinfluenzale per prevenire il #coronarvirus, ho capito a cosa serve aver generato il panico a cui assistiamo da giorni: a smaltire le dosi di vaccino antinfluenzale! semplice...????",2,A776
"user user user sarò ignorante e retriva, ma io il vaccino non lo farò. che cosa di buono ci metteranno dentro?",2,A223
"user user user che mancanza di rispetto per i morti, gli ammalati e coloro, come mia cugina, che per questioni anagrafiche non hanno potuto usufruire del vaccino per la polio e si sono ammalate. le auguro di non patire mai quel che han patito lei e i suoi genitori.",0,A124
"coronavirus, al via la sperimentazione di un vaccino negli usa link",1,A624
"christian, danneggiato da vaccino a 5 anni. prima ero un bambino normalissimo e felice. nessun riconoscimento, nessun aiuto per le cure, la negazione totale da parte delle istituzioni. perch i danneggiati ed i morti da vaccino esistono, nonostante quella che vi racconta burioni link",2,A573
"un anno fa moriva il piccolo samuel di martino, a poche ore di distanza dalla somministrazione di un vaccino, antimeningococco b prodotto dalla glaxo. la procura nomina un perito per stabilire la verit sulla terribile scomparsa di un cucciolo di soli 5 mesi.  segue link",2,A1300
"#coronavirus,  l'infettivologo pierluigi viale in diretta a #mattino5:  ""la malattia ha due fasi"" ma quali sono le novità sui farmaci e per il vaccino? link",1,A367
"ops !!!  ma come la scienza , i vaccini super sicuri...  chissà quante balle ci hanno raccontato lorenzin e company. chi aveva dubbi era un terrapiattista vero?   link",2,A1133
"aiutooo! entro il 2025 i vaccini saliranno a 18, inclusi il vaccino inattivato per polio (ipv), i vaccini per la rabbia e i meningococcici multivalenti. entro il 2025 gavi immunizzer 300 milioni di persone nei paesi in via di sviluppo - link via user",2,A482
user il lockdown stile cina è impossibile status a parte le dimensioni e proporzioni di persone e territori potenza economica ed altri fattori non sono equiparabili. o vaccino o non la risolviamo. con l isolamento possiamo solo tamponare infatti i casi in ti sono in discesa continua.,0,A331
"coronavirus, “guerra del vaccino”: la germania difende la sua ricerca dai miliardi offerti da trump #covid2019 #coronavirus #ricerca #vaccino link link",1,A617
"tutti aspettano come una liberazione il vaccino, dimenticando che:  1° il vaccino viene sviluppato sulla base delle proiezioni teoriche sui virus in circolo l’anno precedente e dunque imprevedibili.  2° la forte variabilità di un #coronavirus di cui esistono già diverse varianti. link",2,A1295
dedicata a tutti gli #antivax  questo è un mondo senza #vaccini  #covid #coronavirus #covi̇d19 link,0,A754
"coronavirus, il ricercatore italiano gambotto: primo vaccino supera la fase del test su animali.",1,A653
"guardacaso ha dimenticato di citare il fatto che la ragazza morta fosse stata vaccinata. guardacaso tra tutti i non vaccinati, poi muoiono spesso i vaccinati.  ma sar perch il #vaccino crea uno squilibrio nelle immunit antigeniche cit. alessio tomasello link",2,A835
"pensate a quanto sono stronzi tutti quei medici e tutti quei ricercatori che da due mesi si stanno ammazzando per trovare un vaccino per il #coronavirus, quando per guarire basta un’iniezione di disinfettante.  #mrvirulent #trump",0,A1144
questa volta sono stati troppo precipitosi per... link,2,A1198
trump vuole comprare il brevetto del vaccino tedesco per il coronavirus ‘in esclusiva’ - il riformista link,1,A1288
il ritorno incrollabile dei no vax (di f. abbate) link,0,A934
"user oltre alla mascherina ci vogliono imporre anche il bavaglio, mi sembra si stia esagerando, non vorrei che dopo i camici cominciassero con le camice di forza a chi rifiuta il vaccino e l'appalto di esse dato ai cugini di primo letto e alle fidanzatine",2,A265
"la stampa: una società farmaceutica usa: vicini al vaccino, pronti a fare i test sull’uomo. link  tramite user",1,A1021
borse in forte rialzo tra ripartenze e speranza sul vaccino. partenza sprint per il btp italia anti… link via user,0,A549
"coronavirus, in australia via alla sperimentazione del vaccino: “farà la differenza” link",0,A657
"""global vaccine safety summit"" : i maggiori esperti del settore hanno dubbi sulla sicurezza dei #vaccini.  non esistono studi adeguati sulle reazioni a lungo termine e sulle reazioni avverse degli adiuvanti, soprattutto se combinati tra loro.   (sub ita).  link",2,A23
"nella prima foto campagna pagata da big pharma per 200 casi allanno su tutta la popolazione italiana, nella seconda i dati delle reazioni avverse al #vaccino mprv : 400 reazioni avverse ogni 1.000 dosi (di cui 40 gravi)   veniteci a parlare di rischio beneficio  #libertadiscelta link",2,A1100
le azioni della cinese #nanoviricidesinc guadagnano il 74% indovinate che producono? il vaccino sperimentale contro il #coronavirus !  ..........e antiamooooooo! ???????????????????????????????????????? link,2,A1028
primo studio sull’uomo del vaccino covid-19.: il primo vaccino covid-19 che ha raggiunto la… link,1,A1174
"user il bugiardino serve per capire da cosa è composto un vaccino, le schifezze che ci sono dentro, anche no grazie. per quanto riguarda gli studi, i casi sono due: il vaccino viene fatto di corsa, quindi  breve sperimentazione o è già pronto da tempo.  comunque sia, qualcosa non va.",2,A212
"link ""i ricercatori del mit hanno creato un inchiostro che può essere incorporato in modo sicuro nella pelle insieme al vaccino stesso ed è visibile solo utilizzando un’app e un filtro speciali per fotocamere per smartphone."" #vaccini",1,A861
"user &gt; guardigione. se io (esempio), immodepressa, prendo il morbillo, la mia percentuale di sopravvivenza si abbassa molto. di conseguenza capisce bene che il vaccino è utile anche per gli altri e non solo per sé stessi.",0,A340
"houston, texas. scuola chiusa fino al 7 gennaio per una epidemia di pertosse.  tutti gli studenti sono vaccinati per la pertosse.  copertura al 100%. epidemia.  non sentite anche voi lo scricchiolio delle loro bugie? link",2,A846
"#conte: ""mantenere e far rispettare, a tutti i livelli, le misure per il distanziamento sociale e promuovere l’utilizzo diffuso dei dispositivi di protezione individuale, fino a quando non saranno disponibili una specifica terapia e un vaccino"".",0,A357
prof. tarro: chi propone il vaccino contro il covid 19 andrebbe messo in galera (video) link,2,A1176
user user_meluzzi ridurre la popolazione mondiale questo e' il progetto non ci sono riusciti col covid ci proveranno con un vaccino creato velocemente con sistema di nanotecnologia,2,A188
"italia paese capofila sulle sperimentazioni vaccinali, al mondo, un grande laboratorio a cielo aperto, dove i danni da #vaccino sono a carico del ssn e non delle case farmaceutiche! quindi chiunque abbia da sperimentare un vaccino viene in italia, non costa nulla! decretazione",2,A982
"c’è l’app ma forse, boh. test sierologici, ma non si sa. trasporti? c’è l’idea ma forse non facciamo in tempo. di questo passo bisogna davvero stare in casa fino al vaccino per non far morire la gente. che è impensabile #fase2",0,A556
non vedo l'ora di spararmi un vaccino nuovo di pacca.,0,A1123
#vaccini  invalida per colpa di un vaccino #antinfluenzale.   il ministero della salute condannato a risarcirla.   i vaccini sono farmaci.  diffidate da tutti quelli che vi dicono che sono sicuri e che non hanno #effetticollaterali.   indietro non si torna. link,2,A429
"esavalente ed mprv insieme al bimbo di 6 anni. il padre lotta per non fargli fare 2 #vaccini insieme. dopo il vaccino bimbo con 40 di febbre, nausea, problemi intestinali e stato di malessere 1erale. a voi, buona lettura. link",2,A804
#vaccino per la varicella causa meningite per la riattivazione del virus in due ragazzi di 14 anni  pu lo stato obbligarmi a un trattamento sanitario che pu causare danni come questi? siamo sicuri che i medici spieghino gli effetti avversi prima?   link,2,A438
"teniamo conto i due vaccini al momento in sperimentazione clinica, sono nella fase 1 (la fase clinica è composta da 3 fasi).  nel caso di moderna therapeutics, ad esempio, solo questa prima fase dovrebbe terminare a giugno 2021.  10/19  link",1,A1276
"coronavirus, negli usa primo test sull'uomo per un vaccino link",1,A673
"ma i #novax, dove cazzo sono spariti?",0,A1052
"desidererei che si trovasse immediatamente un vaccino contro il coronavirus per due motivi . il primo perché salverebbe tante vite umane , il secondo per il piacere di vedere gli antivaccinisti implorare la vaccinazione in ginocchio sui ceci . link",0,A756
bill gates chiamerà conte sul vaccino per il coronavirus link,1,A538
"tutto corrono a vaccinarsi contro la meningite quando il superbatterio new delhi continua imperterrito a mietere vittime...eppure se ne parla molto poco! sapete perch? perch non esiste, al momento, nessun vaccino in commercio... tranquilli si stanno organizzando... link",2,A1296
"coronavirus, creata la mappa atomica in 3d utile per il vaccino link",1,A633
"user_baolo ammesso che un vaccino che funzioni lo si trovi veramente, con tutto questo: salta i test, aggira le regole, usiamolo anche se non approvato, il rischio è che fra qualche anno ci si accorga che i danni sono superiori ai benefici ma a quel punto il disastro sarebbe già fatto.",2,A119
"per ogni discussione con no-vax, complottari e affini, da tenere in mente sempre la linea guida: ""sai cosa vedono le persone quando discuti con un imbecille? due imbecilli""",0,A1153
user user user finalmente la verità.  ho fatto il.medico per 40 anni! mai ricoverato nessuno per il.morbillo né io né i miei 30 colleghi del mio distretto! vaccino tetravalente= business. poi della meningite....non gliene importa un fico!!!,2,A282
la morale della favola è che ci vuole poco a far scomparire dai social i no-vax.  #coranavirusitalia,0,A1011
"19 novembre 2019...dopo una vita trascorsa su di una sedia a rotelle a causa di un vaccino antinfluenzale, il ministero della salute viene condannato a risarcire la vittima del danno subito! #vaccini #ministerodellecasefarmaceutiche link",2,A450
coronavirus: il vaccino australiano supera i test di laboratorio link,1,A713
"oggi sono 7 anni che giacomo � volato via... dopo atroci sofferenze causate da un vaccino che lo ha reso tetraplegico! un abbraccio enorme va ai suoi coraggiosissimi genitori, mario e concetta, sempre in prima fila per la battaglia a favore della libert� di scelta vaccinale.",2,A1130
avete vaccinato le vs. ragazze? poi toccher anche ai ragazzi! vi obbligano facendovi credere che  giusto. questo  il risultato. link,2,A525
australia vicina al vaccino - il nazionalista - quotidiano di libera informazione - link link,1,A521
"#billgates pronto a finanziare il #vaccino per tutti, se funziona. una cosa eccezionale da un uomo eccezionale. #imprenditore e persona assoluta. il mondo ringrazia e spera. #hope #covid link",0,A354
"user user user forse non è chiaro che qui non si sta parlando (e parlo per me non per altri) dei vaccini in generale,  ma di un vaccino che vogliono sviluppare in tempi rapidissimi, senza seguire i protocolli e soprattutto vogliono imporre a tutti. spero di essere stata chiara.",2,A74
"#coronavirus, si fa più vicina la possibilità di un #vaccino. l'azienda #biotech usa moderna avvia la sperimentazione clinica su un piccolo numero di persone. la cina avvia i test sugli animali, l'australia ha concluso la sperimentazione in laboratorio. link",1,A384
coronavirus conte 140mln per vaccino risultati incoraggianti sui topi link,0,A605
"user user jack kalman: “dopo aver letto questo studio, ci vuole l’indole di un  kamikaze per farsi vaccinare ma per far vaccinare un proprio figlio si deve aver gia’ raggiunto gli abissi della mancanza di coscienza. dal punto di vista scientifico, ogni vaccinazione e’ uno scandalo”.",2,A176
"focus coronavirus - #cura e #vaccino, risultati promettenti dal fronte medico/scientifico - link #tg24 - link - #coronaviris link",0,A816
nessuno ha mai trovato un vaccino per l hiv     diamo.soldi a palate a ricercatori ma mai visto vaccini,2,A1103
"covid 19, il vaccino in autunno: la sfida sui tempi tra case farmaceutiche link",1,A732
trump vuole vaccino tedesco in esclusiva - ultima ora - ansa link,1,A1290
"l'italia ai tempi della #ue: vaccinazione coatta, euro, immigrazione, dittatura gender, islamizzazione, furto di bambini (bibbiano), utero in affitto, legge fornero (ergastolo lavorativo), jobs act (licenziare per riassumere a met stipendio), tassazione insostenibile..  #uscita link",2,A994
"dopo qualche settimana di defaticamento eccoli lì di nuovo i #novax, col petto fiero e il sole in fronte.  oggi in parlamento non si è parlato di scuola e istruzione.  siamo vittime del #coronavirus si, ma più dell'analfabetismo di ritorno, da anni.  #braindown link",0,A778
user ormai il collasso cè che cazzo vogliono? sappiamo che fino a quando non c’è un vaccino sarà sempre a rischio.. quindi che schiantano tutti,0,A336
"#america first. #coronavirus, pronta la prima fiala del vaccino: così ""uccide""  #covid19. a #seattle iniziano le sperimentazioni su 45 volontari del prototipo di un vaccino. ma prima di poter arrivare a un vaccino efficace e sicuro serviranno 12-18 mesi (g.) link",1,A353
"#coronavirus, gallera: ""non c'è farmaco né vaccino, evitare #contagio"" link link",1,A374
blog post: a pomezia sperimentazione vaccino - link,1,A545
"pensierino della notte la scienza medica ed epidemiologica, epidemiologi del calibro di larry brilliant, insegnano che in assenza di vaccino, senza tt non si risolve una pandemia ne usciremo se non si ascoltano false narrazioni strumentali, ma a chi vero esperto in pandemie notte link",0,A1147
a che punto siamo con la sperimentazione del vaccino anti covid-19? link,1,A460
#vaccino - oltre agli usa anche l'#australia si è mossa per realizzare il vaccino contro il #covid19 che potrebbe essere immesso sul mercato non prima del 2021. il vaccino si chiama mrna-1273... link,1,A433
vaccino obbligatorio per tutti i politicanti! link,2,A1345
"borsa: tokyo, apertura in netto rialzo. fiducia su capacità ripresa economia, avanzamento vaccino #ansa link",0,A548
"coronavirus, speranza: `ritorno alla normalit&amp;agrave; quando avremo il vaccino` - tgcom24 link",0,A685
questa omerta' sui danni da  vaccino conferma che la nostra salute non e' assolutamente considerata come prioritaria. al primo posto il business dei colossi farmaceutici! link,2,A1197
(io come cavie per provare il vaccino userei quelli che vogliono uscire di casa a tutti i costi),2,A57
"user ma come si fa a pensare che basti questo? i ragazzi sono sempre vicini vicini, riaprire le scuole con virus in giro e senza vaccino vuol dire strage",0,A342
"“a tutte le persone che nel mondo non volevano i vaccini, ecco a voi un mondo a cui manca un vaccino.” #covid_19 user",0,A46
"coronavirus, vaccino: a settembre 400 milioni di dosi. test in corso, ma … link",1,A695
- nesso causale tra vaccinazione esavalente e la patologia di cui soffre il minore: � quanto stabilito da una sentenza della sezione lavoro e previdenza del tribunale di lamezia terme che ha condannato al risarcimento il ?user? #vaccini  link,2,A1
oggi in tv la glaxo pubblicizzava il vaccino per la meningite b affermando che gli altri vaccini per la meningite non fanno un gran che.....se prima mi facevano schifo ora gli darei fuoco....(cit.),2,A1128
"il sole24h - coronavirus, ultime notizie dal mondo: corea sud pensa a reintrodurre distanziamento. johnson invita putin al summit sul vaccino. bce: lagarde stima pil eurozona 2020 tra -8% e -12% link link",1,A936
domando per un amico: ma i #novax dove sono finiti ?,0,A773
"#vaccini:  muore ""suicidata"" con ben due colpi alla testa per aver rivelato le storture dei programmi di #vaccinazione.  si  sparata, poi  risorta per spararsi di nuovo. ????  #trumanshow   i vaccini uccidono. link",2,A432
contrastare il #covid19: in corso la conferenza stampa che spiega l'approccio di tls in collaborazione con user per la ricerca del vaccino... resta aggiornato  seguendo le nostre pagine! #iorestoacasa #andratuttobene  user user link,1,A598
"user va bene. ricordati di ringraziare quelli che il vaccino, invece, se lo faranno iniettare per difendere anche te e i tuoi cari.",0,A319
"coronavirus, il vaccino-cerotto supera il primo test sui topi link",1,A656
deputata no-vax in direzione mare multa in arrivo | bassano link,1,A755
"link sentenza storica: il consiglio di stato condanna il ministero della salute a risarcire per ritardo del pagamento dell'indennizzo dovuto ad una ragazza danneggiata da vaccino, morta dopo atroci sofferenze all'et di 32 anni #vaccini #giustizia",2,A854
"coronavirus, vaccino entro fine anno: «ma non sarà per tutti, prima anziani e medici» link user",1,A691
"""non ci sono prove che il vaccino hpv abbia prevenuto anche un solo caso di cancro cervicale in qualsiasi parte del mondo link",2,A36
"la chiesa di satana provax, ma tu guarda... con lavallo dei clinton poi. toh! link",2,A1002
"""l'industria della #vaccinazione"". l'avventura continua. prima di esser partita! link link",2,A28
"il #coronavirus e i #complotti: sul web spopolano le teorie più strambe per spiegare la #pandemia, dal #5g a #billgates. e ci sono pure i #novax.  link",1,A895
studio tedesco di bambini vaccinati contro non vaccinati. indovina chi  sempre pi sano? link,2,A1269
la fondazione di bill e melinda gates è pronta a finanziare la produzione del vaccino!  #billgates #melindagates #vaccino #coronavirus #27aprile #radio105  link,0,A1004
"dai #vaccini ai #nanochip (altro che #microchip rfid). lo dicevamo, la via  quella, ormai ce lo dicono in faccia che vogliono ridurci a cyborg per poi spazzar via quel che resta di umano. e la stiamo percorrendo sparati come un frecciarossa. link",2,A749
"coronavirus, il premier conte in senato: ‘mascherine e distanziamento sociale fino al vaccino’ link link",0,A652
amazon prime è la più grande scoperta dai tempi del vaccino.,0,A499
"vaccino coronavirus, ema: aspettare ancora mesi per gli studi clinici link",1,A1324
"coronavirus, dalla ripresa al vaccino. l'esperto spiega la fase 2 link",1,A637
"quel piano europeo anti virus: ""immunizzazione di gregge"" link",1,A1193
"...si diffonderà, torneremo presto alla normalità e i medici troveranno prima le cure più efficaci e poi un vaccino. ma intanto il rischio è alto, sia per chi ha già problemi, sia per una percentuale che avrà bisogno di cure ospedaliere come il paziente 1. (cont) #covid19italia",0,A11
"non ho parole, sono senza ritegno! il patologo che ha eseguito l'autopsia al piccolo zakaria, morto a 5 mesi 24 ore dopo la vaccinazione,  un medico coinvolto nello scandalo delle biopsie a milano... link",2,A1116
il vaccino tedesco anti-coronavirus verrà a breve testato #germania #coronavirus #vaccino link,1,A950
coronavirus: statunitense pfizer e tedesca biontech testano su umani vaccino sperimentale | agenzia nova link,1,A719
"per quelli che volevano il mondo senza i vaccini... ecco, questo è il mondo senza un vaccino. #covidー19",0,A1154
arrivato in cina il primo #vaccino contro il #coronavirus #coronarvirusitalia  link,1,A511
"user user user user user_dibattista user spero ci toglieremo di torno tutti coloro che agiscono malamente (per incapacità o per altri motivi). voi affidatevi ai novax, mi raccomando.",0,A72
"coronavirus, a fine aprile primi test del vaccino sull’uomo link link",1,A620
