"considerate le ""camere dell'eco"" nel dibattito, la conclusione √® che su twitter non √® facile scovare (e convincere!) gli incerti, coloro che non sono antivax ma hanno dubbi sui vaccini. su questo, stiamo lavorando a un nuovo paper. grazie ai colleghi di user_fondazione! 5/5";1;A594
conte scavalca il parlamento per dare altri 300 mln al vaccino di bill gates link;2;A595
stefano montanari: un altro eroe antivaccinista lascia | nextquotidiano link;2;A1263
siamo solo delle piadine  #coronavirus #vaccino link;1;A1248
user credo che riaprire domani, a maggio o giugno non cambier√† nulla in termini di contagi. non c'√® ancora immunit√† di gregge, non c'√® vaccino n√© un antivirale efficace. e ovviamente stando a casa non si uccide il virus. credo che la questione sia solo economica. in italia e nel mondo;0;A294
link ricerca. manfredi: italia all'avanguardia anche su vaccino anti-covid - link;1;A855
coronavirus: il senatore d'anna ritira dimissioni da presidente ordine biologi.  -novax -dice ÔøΩvirus ÔøΩ una banale influenzaÔøΩ -anni fa ha fatto il saluto romano in parlamento  -sospeso 5 gg. per frasi sessiste.  il punto ÔøΩ: come mai ÔøΩ presidente dellÔøΩordine? come mai ÔøΩ senatore?;0;A711
coronavirus, trump: ‚Äúil vaccino √® vicino‚Äù. wall street apre in rialzo, ma poi gira in rosso link;1;A687
user user user l'rticolo linkato: dice che le categorie da isolare sono quelle che hanno fatto il vaccino, perch√© fa il vaccino chi √® a rischio. e' stato interpretato in maniera errata da chi dice che le categorie sono da isolare a causa del vaccino, non √® quello che c'√® scritto;0;A292
user_aie non √® cos√¨. puoi fare i test a manetta anche a chi parte. con politiche solide internazionali. √® come in lombardia, i focolai lavorativi sono un casino infinito. e molto pi√π difficili da tracciare. il virus non sparisce prima del vaccino.;0;A307
coronavirus: il vaccino esiste gi√†! ecco l'arma segreta anti-covid-19 svelata dal prof. robert gallo link #meteo via user;2;A714
user user user user_di_marzo user_gori ma questa √® una malattia che non d√† immunit√†,  e quindi non sar√† un vaccino a risolvere il problema;2;A235
al dott. #rezza vorrei chiedere se chi ha fatto bil vaccino antinfluenzale ha una qualche protezione dal #codvid19italia ( seppur preparato per altro virus) #livenoneladurso;1;A484
‚Äúvaccino obbligatorio per over 65 anni‚Äùcos√¨ zingaretti. sei d'accordo? forum link;1;A52
tratto dal discorso di #henrykissinger al user il 25.02.09.  si nota una certa somiglianza con gli intendimenti di user /#rockefeller , che ne √® l'erede intellettuale... ora, sotto coi #vaccini..! #covid„Éº19  #coronavirus  #covid19  #novax link;2;A1283
#italiani tranquilli gli #americani vi salveranno #coronavirus e #vaccino , azienda #usa annuncia sperimentazione entro #aprile #italia #covid19italia - il sole 24 ore link;1;A405
‚Äúil covid-19 √® come l‚Äôhiv: non ci sar√† mai un vaccino ci salver√† solo un farmaco‚Äù: lo studio pugliese sul coronavirus non accettato dal governo -  #covid-19 #l‚Äôhiv: #vaccino #salver√†  link;2;A49
mascherine obbligatorie fino a quando non si sar√† trovata una cura efficace e un vaccino (tra una e e una o c'√® un abisso) e applicazione non obbligatoria.  #conte #senato #covid19 #covid„Éº19 link;0;A1070
"#macron chiede che il vaccino #sanofi sia un ""bene pubblico"". un brutto risveglio per gli adepti del libero mercato link";1;A411
diritto al vaccino, c‚Äô√® sempre la ¬´crisi di sanit√† pubblica¬ª link;1;A769
un batterio intestinale complice dell'infarto. lo hanno scoperto scienziati del policlinico universitario umberto i di roma. la scoperta potrebbe gettare le basi per un vaccino preventivo anti-infarto e per terapie mirate. #ansa #infarto #salute #cuore link;0;A1301
"+++#gravina: ""tutti invocano il blocco, lo faccia il #governo, ce lo imponga, io rispetter√≤ sempre le regole. sento dire che dobbiamo aspettare il contagio 0 e il vaccino. in questo modo ci stanno dicendo che non potremo disputare neanche il campionato 2020/2021+++ #seriea";0;A443
buonasera, oggi all  conferenza stampa della protezione civile, parlavano di un vaccino quasi imminente.. potrebbe avere relazioni con questo medicinale. interessante anche la teoria sulla morte dei piu' giovani user link;1;A553
il peggio del peggio  #corrieredellasera: coronavirus, la nuova battaglia di burioni: ¬´prima i no-vax, ora i no-mask¬ª. link  tramite user;1;A930
parliamo di efficacia del vaccino antinfluenzale: la copertura tra gli anziani over 65  aumentata dal 20% del 1980 sino al 61% nel 2001. nello stesso periodo di tempo sono aumentate le stime della mortalit nella stessa fascia d'et.  link;2;A1142
coronavirus ‚Äì su internet la truffe di sedicenti farmaci anti covid-19: oscurati 4 siti web - ... ricerca di una terapia o un vaccino efficace contro il covid-19, impazza su internet la vendita illegale di sedicenti terapie contro il nuovo coronavirus,¬†...;1;A603
insieme al vaccino, a un bambino verrebbe iniettato un po 'di colorante invisibile ad occhio nudo ma facilmente visibile con uno speciale filtro per telefono cellulare user user user user_gibilisco user  link;1;A972
"user user user user ah... una cosa √® sicura, non pu√≤ sostiituire il vaccino. pu√≤, come le altre terapie, aiutarci ad arrivare al vaccino con meno morti. senza illudersi, senza cure miracolose ma ""non cielo dicono!"".";0;A151
"coronavirus, fauci al senato: ""morte e sofferenze se riapriremo usa troppo presto"". il vaccino? ""fra un anno o due"" link link";1;A644
"63 morti per morbillo. quasi tutti bambini. grazie, antivaccinisti, il vostro ""principio di precauzione"" sta avendo un successone. link";0;A457
user un vaccino contro il cancro (hpv) √® efficacissimo e sicurissimo. il 50% dei genitori lo rifiuta per i figli adolescenti;0;A165
per il covid serve una cura pi√π che il vaccino. il virus non deve pi√π spaventarci. per il prossimo autunno, a differenza di quanto si prospetta secondo l‚Äôoms e la comunit√† scientif‚âà¬©‚âà¬©ica, saremo, in larghissima parte, naturalmente immunizzati. user link;2;A1151
cosa non √® chiaro nel fatto che per avere il plasma devi avere dei guariti, ovvero dei malati sopravvissuti, mentre il vaccino serve ad evitare i malati? esiste gente che pensa che questa cura consista nel prelevare sangue da un guarito a caso e iniettarlo in un malato a caso...;1;A730
si parla molto di vaccino per il cobit 19 ma che garanzia c'√® che sia presto ? se per l'aids ancora oggi dopo 24 anni dalla comparsa (1986) non √® stato realizzato ?;0;A1245
quando sar√† pronto (realisticamente) il vaccino contro il coronavirus -  #quando #pronto #(realisticamente)  link;1;A1187
"lo ribadisco. ci vuole un jumbo eurobond da 500-750mrd sottoscritto da bce, banche, assicurazioni, ri-assicurazioni e fondi pensione europei, per: 1) sostegno a strutture ospedaliere; 2) ricerca per vaccino; 3) sostegno a famiglie e pmi. sveglia!!!! #missionactnow";0;A1042
io voglio un‚Äôalternativa allo ‚Äústate a casa‚Äù non perch√© stia male ma perch√© non pu√≤ essere la cura al #covid19 nel lungo periodo, in attesa che un vaccino pronto fra 18 mesi (o forse mai come per altri virus) faccia la sua comparsa.;0;A980
"al loro con confronto, i terrapiattisti sono degli innocui creduloni ... coronavirus, 'movimento genitori lombardia': ""vaccino? noi non lo faremo"" - la stampa link";0;A485
zingaretti: 'la mascherina diventi la moda dell'estate, la metteremo fino al vaccino' link via user  maledetti;1;A1377
grande articolo del washington post - fatto davvero bene - che spiega come si diffonde un virus.  per tutti quelli che dicevano che il numero dei contagi ‚Äúdeve‚Äù fermarsi. purtroppo non si ferma. solo vaccino o tutti contagiati lo fermano.   link;0;A832
coronavirus, l`ultimo delirio dei no-vax: `il vaccino? rischia di fare danni` - link link;0;A663
complotto numero 229 link #coronavirus #novax #satira #complotti;1;A588
#motogp: un vaccino per correre #coronavirus #ezpeleta #covid19 link;1;A417
"#gualtieri definisce l'intervista di bonomi (rilasciata l'indomani delle manifestazioni di fascisti e no vax) ""ingenerosa"". invece la parla pi√π opportuna sarebbe stata ""pericolosa"".  ecco un tema 'evaso' dal numero 1 di confindustria. #italia post #covid„Éº19 link";1;A402
coronavirus, l'italia tra i primi paesi ad avere il vaccino. speranza: firmato l'accordo con astrazeneca link;1;A660
user user anche un semplicissimo herpes non ha vaccino ... √® un virus...ci conviviamo;2;A259
coronavirus, ‚Äúsul vaccino c‚Äô√® troppo ottimismo‚Äô ¬† link;1;A619
tra le tante cose,sul web circola la storia degli extracomunitari non colpiti dal covid-19,per via della vaccinazione antitubercolare....altra bufala?;1;A1281
"vaccino e covid-19: cosa sappiamo  una visione narrativa di cosa sta succedendo f. marchetti, c. guiducci  medico e bambino 2020;39(5):297-299  link (ad accesso‚Ä¶ link";1;A1338
user_naive tieni comunque conto che il covid √® soprattutto una polmonite virale! la spagnola, fu una polmonite virale, che fece una vera strage! da quel periodo ad oggi, sono passati pi√π di 100 anni, ed ancora non esiste un vaccino, contro la polmonite!;1;A213
user user user peccato che a prescindere dalla cura, il vaccino serva.;0;A245
perch chiamarlo ancora ministero della salute? link;3;A1158
coronavirus: due cure sperimentali. e l'attesa per il vaccino link via user;1;A707
era da un p√≤ che non passavo su twitter ma sto #coronavirusitalla sta a tir√† fuori il meglio di voi. virologhi, novax, fuggitivi, rancorosi, stamo a casa, no uscimo, siete bellissimi.;1;A801
#coronavirus, patto europeo per il vaccino. luned√¨ sottoscrizione da 7,5 miliardi. il documento dei leader ue. lettera firmata da conte, macron, merkel, michel, von der leyen, solberg. una risposta globale: lavorare insieme per guarire il mondo. link;0;A382
"#coronavirus, il terrore continuera' finche' non arrivera' il ""#vaccino miracoloso"". tanto i decessi da strumentalizzare non mancano... link";2;A377
medici coraggiosi ‚ù§Ô∏è  in merito all'obbligo del vaccino anti-inflienza medici specialisti in igiene, epidemiologia, statistica, ematologia e pediatria hanno pubblicato un dossier scientifico, scaricabile gratis da link  link;2;A1072
user user user user user user user user user user user user user user user user user user user_ user user user user user user user user user user user buongiorno lidia. saremo anche un popolo di adolescenti ma dobbiamo crescere e non √® possibile rimanere a casa fino a quando si trover√† il vaccino. non possiamo permetterci di vivere di rendita . non tutti almeno.;1;A296
i miei figli sono vaccinati per la #varicella.c'ÔøΩ stata una bella epidemia e loro stanno bene, felici e senza aver preso nulla. davide ÔøΩ del 2012 e abbiamo pagato il vaccino perchÔøΩ era a pagamento. rinunciate a qualsiasi cosa ma #vaccinate per i vostri figli e per gli altri.;0;A880
tutto questo ci porter√† 10 anni di film e serie tv sul coronavirus. dalle ciofeche alle americanate e ogni paese avr√† il suo eroe che scopre il vaccino, nottetempo e per sbaglio. link;1;A1297
#coronavirus, papa: ho chiesto a dio di fermare l'epidemia. a posto, dite pure a medici e ricercatori di interrompere gli studi per trovare un vaccino, non serve piÔøΩ. #covid19italia #covid19;0;A380
i #vaccini sono sempre sicuri...o no? link  #vaccino #salute;2;A867
ma guarda a volte il caso, sui media non si fa altro che parlare di #coronavirus e, taaaaaaac, subito ci si mette al lavoro per un vaccino apposito.  ma guarda a volte le coincidenze. link;2;A1051
"--- magari un richiamino ogni tanto --- #covid2019  10 anni prima: ""di vaccino si pu√≤ morire"" link di il blog di beppe grillo";2;A2
come volevasi dimostrare... opl√†!  la societ√† farmaceutica americana ''moderna'' e' vicina al primo vaccino contro il coronavirus link;2;A586
associazione corvelva - vaccino merck, il caso degli informatori verso una risoluzione link;1;A516
user e il vaccino c'√® l'hanno in caso qualcosa o qualcuno di loro dovesse succedergli qualcosa;1;A208
"""si √® aperto anche un conflitto sul vaccino. √® evidente che impadronirsi del vaccino prima degli altri √® un vantaggio competitivo. a questo scandalo si dovrebbe reagire.""  massimo d'alema a #ctcf #stiamoancoraattenti link";1;A40
tutti alla ricerca vaccino covid, nuovi test e fondi. alleanza ue per le forniture - metropolisweb link;1;A1294
"user ""il vaccino √® il futuro"" ""mi farei iniettare anche petrolio pur di poter tornare libero""  questi sono due esempi di cose che hanno udito le mie povere orecchie";2;B14
il #covid19 continua a colpire i #neonati. tre casi nel vicentino, tutti con familiari #nonvaccinati. altri ricoveri in #rianimazione. servizio di giovanni stefani, montaggio gianpaolo gigante #ioseguotgr link;1;B6
üáÆüáπ #coronavirus #vaccinazione  troppi dubbi‚ÄºÔ∏è  intanto grazie ai ricatti la sperimentazione continua e in autunno avremo i risultati;2;B442
"non una signora che dopo il vaccino se n'√® uscita con ""mah la seconda dose pu fistinu"" cio√® la festa patronale mi piscio addosso";1;B368
ma quindi abbiamo davvero bloccato un vaccino per 30 trombosi su 5 milioni di vaccinati? #astrazeneca;0;B60
"sondaggio dentro la redacione di  ""la repubblica"" non √® uno scherzo l√¨ son cos√¨.....anche gi√† tutti vaccinati!";1;B302
...peccato che ora la bottery sia quarantenata in #chinaüá®üá≥ e non si possa vedere la sua faccia visto che aveva detto che l'arrivo del #vaccino #johnsonandjohnson era la svolta per accelerare le vaccinazioniüò¨  #lineanotte;1;B254
vaccini covid, morte sospetta di un docente: il piemonte sospende astrazeneca #calabrianotizie #newscalabria link;1;B484
auguro vacanze all'insegna della dissenteria per tutti quelli che si son vaccinati scavalcando anziani, immunodepressi e malati cronici.;1;B55
"2 settembre alle 20:00, a vibo, sar√≤ alla presentazione del libro di matteo bassetti. intanto √® notizia di oggi: ennesima aggressione dei no vax nei confronti dell'infettivologo bassetti inseguito e minacciato: ""ci ucciderete tutti con questi vaccini e ve la faremo pagare"". link";2;B246
medico in incognito parla dei vaccini covid link via user;1;B195
"ecco la prima denuncia contro la rai per la disinformazione su vaccini e cure domiciliari"" link 8";1;B445
"manifestazione dei ""no green pass"" a milano: circa mille persone sfilano per le vie del centro al grido di ""non sono vaccini, ma sieri assassini"" - il fatto quotidiano link";1;B3
vaccinato questa mattina 08 00  prima dose con  pftruser  puffazer..... pitzifur  pizziffer   vabbe' so vaccinato üòÇüòÇüòÇüòÇ  #pfizervaccine;0;B30
vaccini: sileri,verosimile ripeterli ogni¬†anno link;1;B204
#quellavoltachedraghi trov√≤ un neurone nel cranio di un novax;0;B378
il vaccino lo farei a loro! veramente √® non per finta! üëéüëéüëé;2;B470
"vaccini fuori lista, in procura a bari primi interrogatori. il legale: ""sono stati chiamati, nessuno ha saltato la fila"" link  vergogna #infiltrati e #saltafila!!!";1;B227
0,5% vaccinati media per tutta l'africa, 15-20% media europa dell'est. perche' temete l'immigrazione? moriranno tutti, no?;1;B465
tu provi a far finta di niente, a mantenere la calma poi sti novax si paragonano agli ebrei durante la seconda guerra mondiale e ti vien voglia di prenderli a sberle tipo mulino a vento.;0;B38
quarta dose obbligatoria? non scherziamo.;2;B407
user_opamp user 1 i vaccini mrna vengono studiati da 20 anni quindi se ne conoscono gli effetti a lungo termine. 2 in europa sono stati rilasciati con la pratica dell'approvazione condizionata, utilizzata con dal 2006 con diversi altri farmaci.;0;B278
"user ci vorrebbe onest√† intellettuale di non limitare alla "" destra "" le pulsioni no vax di questo paese . erano organici ai 5 stelle  cunial , bonafede , taverna , barillari , conte . nn ricordate nulla ? #lamemoriadelcriceto";1;B377
i free riders del vaccino, ovvero gli scrocconi di libert√† (di d. faraone) link #;1;B126
"prima di covid, qualcuno ha chiesto se le infermiere erano vaccinate contro l'influenza? no, pensavo di no. eppure l'influenza √® mortale per certi gruppi di persone. l'#ipocrisia √® reale &amp; √® fastidiosa. gli amanti delle maschere hanno mostrato i loro veri colori. sono dei ...üëá";1;B97