label,text,index
2,"user ""il vaccino √® il futuro"" ""mi farei iniettare anche petrolio pur di poter tornare libero""  questi sono due esempi di cose che hanno udito le mie povere orecchie",B14
0,a ora che il vaccino sar√† disponibile per me lo venderanno a 2 euro e 50 dal tabaccaio,B177
2,"assassini!  lorenzo si era anche sottoposto al vaccino anti-covid, lo scorso 5 giugno. una scomparsa la sua che sconvolge la comunit√†, stretta intorno ai genitori",B138
1,"insomma, uk segue israele e vuole introdurre il pass vaccinale per l'accesso a pub, ristoranti, teatri, etc. esenzione solo per ospedali e supermercati.  questi sono i due stati pi√π avanti con le vaccinazioni.   poi non dite che non ve l'avevo detto. link",B48
0,"e difficile far capire loro quello che succede, solo con dei ricoverati novax pubblicare le loro foto. e forse capiranno anche sono manovrare da qualcuno di certo.  e bravi 'no-pass': urlano che vogliono la libe√† e ci fanno rischiare nuove chiusure link",B514
2,"user_lavit user infatti sono terapie sperimentali (chiamate vaccini) non obbligatorie (ma se non ci si sottopone alle quali si √® molestati dallo stato fino a non aver vita degna) che permettono il contagio (e forse la moltiplicazione di varianti), per√≤ chiamano ‚Äúimmunizzati‚Äù chi vi si sottopone!",B509
1,"#vaccini anti #covid19 in italia, aggiornamento del 11/04/2021 ore 11:28 andamento delle somministrazioni per classe di et√†. #covid_19 #vaccinaitalia #astrazeneca #coronavirus #pfizer #modernavaccine link",B375
2,"user user__ no, sono sperimentali, leggi il bugiardino e vedrai cosa scrivono. sono vaccini sperimentali somministrati in larga scala per via della pandemia.",B105
0,"il #covid19 continua a colpire i #neonati. tre casi nel vicentino, tutti con familiari #nonvaccinati. altri ricoveri in #rianimazione. servizio di giovanni stefani, montaggio gianpaolo gigante #ioseguotgr link",B6
2,üáÆüáπ #coronavirus #vaccinazione  troppi dubbi‚ÄºÔ∏è  intanto grazie ai ricatti la sperimentazione continua e in autunno avremo i risultati,B442
2,"user user_claudio prima, ogni morto, anche 100enne, oddio, morto per covid!! adesso, vaccinato che muore di covid, eeeh...ma cosa vuoi che sia, era vecchio, aveva patologie pregresse!  mammamia che ipocrisia!!",B515
1,stop a 8000 prenotazioni al vaccino astra zeneca dall'asl toscana sud est link,B145
1,"non una signora che dopo il vaccino se n'√® uscita con ""mah la seconda dose pu fistinu"" cio√® la festa patronale mi piscio addosso",B368
0,ma quindi abbiamo davvero bloccato un vaccino per 30 trombosi su 5 milioni di vaccinati? #astrazeneca,B60
0,user_onnis la vaccinazione (soprattutto quella con vaccino a mrna) abbatte fino al 90% la trasmissione della malattia. tu racconti balle.,B348
1,"sondaggio dentro la redacione di  ""la repubblica"" non √® uno scherzo l√¨ son cos√¨.....anche gi√† tutti vaccinati!",B302
1,...peccato che ora la bottery sia quarantenata in #chinaüá®üá≥ e non si possa vedere la sua faccia visto che aveva detto che l'arrivo del #vaccino #johnsonandjohnson era la svolta per accelerare le vaccinazioniüò¨  #lineanotte,B254
1,"user il vaccino per il covid c‚Äô√®, ma quello per la stupidit√† non l‚Äôhanno ancora inventato",B208
1,"vaccini, in piemonte si risolve il rebus dell'appuntamento per l'iniezione [di sara strippoli] [aggiornamento delle 08:00] link",B221
0,tutti voi che state ironizzando sul #deltaplus #deltavariant... ma l'avete fatta almeno una dose di vaccino? no perch√© nel caso non sareste nella posizione giusta per fare dello spirito.,B32
2,"vaccini covid, morte sospetta di un docente: il piemonte sospende astrazeneca #calabrianotizie #newscalabria link",B484
1,"auguro vacanze all'insegna della dissenteria per tutti quelli che si son vaccinati scavalcando anziani, immunodepressi e malati cronici.",B55
2,"user_claudio grazie per la solerzia con cui ha verificato la segnalazione. e adesso che si fa? a parer mio questa cosa √® gravissima, dimostra la malafede che circonda il vaccino in italia e l‚Äôistituzionale ostilit√† nei confronti di chi sceglie di non farsi iniettare un siero sperimentale",B321
1,"ristoranti, calcetto, pass vaccinale, mense scolastiche: al #cts i nodi da sciogliere in vista delle riaperture del #26aprile so' problemi #vaccini #covid19italia",B69
1,"2 settembre alle 20:00, a vibo, sar√≤ alla presentazione del libro di matteo bassetti. intanto √® notizia di oggi: ennesima aggressione dei no vax nei confronti dell'infettivologo bassetti inseguito e minacciato: ""ci ucciderete tutti con questi vaccini e ve la faremo pagare"". link",B246
2,medico in incognito parla dei vaccini covid link via user,B195
0,"orgogliosa e grata ai nostri ragazzi in divisa che, come sempre, ci sono nel momento del bisogno.  generale #figliuolo avanti tutta con i vaccini noi di user_italia siamo al vostro fianco.",B199
2,"user chiss√† perch√® omettono sempre il fatto che c'√® stata una vaccinazione poco prima del decesso..""nessuna correlazione "" per√≤ se muori in un incidente stradale e sei risultato positivo(falso probabilmente, visto che fanno pi√π di 20 cicli di pcr) ,diventi magicamente un morto covid.",B419
2,"uomo del nj in ospedale con covid dopo essere stato completamente vaccinato.  ma almeno ha il suo passaporto, giusto? #earlytreatment is the key! link",B35
2,"ecco la prima denuncia contro la rai per la disinformazione su vaccini e cure domiciliari"" link 8",B445
2,"deve diventare famoso il dott. scoglio! laureato in legge, ma dedica la vita alle alghe. ha deciso di essere il candidato al nobel 2018, anche se nessun candidato al quel nobel sar√† noto prima del 2068.  e vi parla della pericolosit√† dei vaccini.",B42
0,"user oggi la vita degli anziani ha un vaccino. fine. anzi no, facciamo che per chi ritarda il vaccino agli anziani vale la canzone di de gregori: ""perdona tutti quanti tranne qualcuno""",B315
0,"user caro don, i vaccini servono tantissimo, proteggono indirettamente anche gli altri limitando la diffusione del virus. e meno circola meno muta. don un peccato contro la ragione √® un peccato grave! lo dico da medico cattolico.",B464
2,"user consiglio di seguire lui üëá l'inventore del mrna messaggero e molto critico sulle scelte vaccinali e politiche che non considerano gli studi e la famosa ""scienza"" link",B319
1,"da luned√¨ 7 giugno verr√† sospesa l'#attivit√† per la somministrazione del vaccino anti-#covid presso l'#ambulatorio distrettuale della asl 3 in via xii ottobre a #genova. l‚Äôattivit√† #vaccinale, si legge nella nota dell'#asl, ‚Äúproseguir√† presso l‚Äô#hub della #fiera del #mare. link",B178
2,quando pensate che user_italia siano liberali invece scopri che vogliono l' obbligo per i vaccini sperimentali chiss√† se user si far√† un bel astrazeneca?,B357
1,"asl avellino. sospensione attivit√†‚Äô centri vaccinali nella giornata di domani, luned√¨ riprendono le vaccinazioni - link link",B129
0,user vaccinazioni non se ne parla manco morti?  il lockdown √® l'alternativa al vaccinarsi ... senza vaccini si va in lockdown ... con i vaccini il lockdown √® una inutile vacanza!üò°,B79
1,adi: istanza di attivazione procedimento disciplinare per frasi di infermieri contro i no vax | nurse times link,B385
1,"manifestazione dei ""no green pass"" a milano: circa mille persone sfilano per le vie del centro al grido di ""non sono vaccini, ma sieri assassini"" - il fatto quotidiano link",B3
0,"come si chiama quella sensazione di quando vieni a sapere di un conoscente #novax della prima ora finisce in ospedale mentre i suoi parenti vaccinati non hanno neanche un raffreddore? ah s√¨, ""mi ride anche il buco del culo"". #vaccinazioni #covid19",B374
2,"user_grim vogliamo ricordare la diretta televisiva della processione natalizia del vaccino che ha attraversato il brennero e poi √® arrivato a roma? giorni e giorni di giubilo perch√© ormai si vedeva la luce in fondo al tunnel. ecco, tre mesi dopo eccoci qua nel caos totale.",B66
2,"user siamo sempre guariti dalle polmoniti, le cure esistono.. √® di vaccino che si muore, e non ci sono storie, e non sanno nemmeno riconoscerlo tanto pi√π che essendo sperimentale dovrebbero verificare le cause dei decessi anzich√© catalogarli come ‚Äúmalore improvviso ‚Äú... vergogna..",B274
0,"user chi sceglie di non vaccinarsi √® come quello che non rispetta il divieto di sosta e di fermata nei giorni di mercato. chi si √® vaccinato ha pagato il suolo pubblico e si √® iscritto alla camera di commercio, e loro ne approfittano a sbafo.",B222
0,vaccinato questa mattina 08 00  prima dose con  pftruser  puffazer..... pitzifur  pizziffer   vabbe' so vaccinato üòÇüòÇüòÇüòÇ  #pfizervaccine,B30
1,"vaccini: sileri,verosimile ripeterli ogni¬†anno link",B204
0,#quellavoltachedraghi trov√≤ un neurone nel cranio di un novax,B378
2,il vaccino lo farei a loro! veramente √® non per finta! üëéüëéüëé,B470
1,#vaccinicovid   vaccini e rischio trombosi: dimezzare le dosi potrebbe ridurre i rischi link via user,B307
1,"ü§°l‚Äôuniversit√† che tramite email rimanda la somministrazione del vaccino a data da stabilire il giorno prima, letteralmente 10minuti prima del mio arrivo (sono fuorisede), dopo 2h di treno e 9,60‚Ç¨ di biglietto di sola andata ü§°",B425
2,"user vaccinati in quanto codardi, ma non possono dirlo per non perdere la quasi totalit√† dei loro elettori.ü§°",B236
2,"per la nazionale di calcio, suonano la trombetta e si imbestialiscono se non vince. per la loro vita e quella dei loro figli massacrata da vaccini sperimentali e mascherine, no. la punizione √® pi√π che meritata.",B508
0,"vaccini fuori lista, in procura a bari primi interrogatori. il legale: ""sono stati chiamati, nessuno ha saltato la fila"" link  vergogna #infiltrati e #saltafila!!!",B227
1,speranza ‚Äúpi√π vaccini o non escludiamo restrizioni‚Äù  - #retewebitalia #news #oggi #italia #notizie #accadeoggi - link,B93
0,"il governo prenda subito la decisione di rendere obbligatoria la vaccinazione! stiamo rischiando un blocco totale che far√† molto male alla nostra economia, oltre che a tutti. smettiamola di essere ignoranti egoisti!link",B156
2,persino la dottoressa bolgan trova che l'unico modo per uscirne sia la disobbedienza civile. i vaccini sono l'opposto di quello che vogliono farci credere. link,B403
1,"0,5% vaccinati media per tutta l'africa, 15-20% media europa dell'est. perche' temete l'immigrazione? moriranno tutti, no?",B465
0,"tu provi a far finta di niente, a mantenere la calma poi sti novax si paragonano agli ebrei durante la seconda guerra mondiale e ti vien voglia di prenderli a sberle tipo mulino a vento.",B38
1,"vaccini lazio, al via 'open week' astrazeneca per maggiorenni - adnkronos link",B229
1,l‚Äôindia ha ordinato 300 milioni dosi di un vaccino anti-covid non approvato link,B273
0,le farmacie veronesi sono tra le pi√π virtuose a livello regionale per numero di inoculazioni effettuate: 3637 le dosi somministrate dall'inizio della campagna. vecchioni: ¬´soddisfatti dell'apprezzamento da parte della popolazione¬ª.  leggi sul sito: link,B411
0,mario draghi: chi rifiuta il vaccino sostenga i costi della propria ospedalizzazione! - firma la petizione! link via user,B8
2,user user ma se hanno detto (gliscienziati) che i vaccinati infettano ugualmente.... che si vaccinano a fare?,B449
2,quarta dose obbligatoria? non scherziamo.,B407
1,l' #europa si √® dimostrata un fallimento anche per  l' approvvigionamento del #vaccino   #coffeebreakla7,B485
0,"user_opamp user 1 i vaccini mrna vengono studiati da 20 anni quindi se ne conoscono gli effetti a lungo termine. 2 in europa sono stati rilasciati con la pratica dell'approvazione condizionata, utilizzata con dal 2006 con diversi altri farmaci.",B278
2,"user user_andme qualcuno vorrebbe escludere i cittadini non vaccinati dal #ssn. va bene, pero' non saremo piu' tenuti a versare tasse e contribuzioni e ci rivolgeremo al privato. alla fin dei conti gia' succede: per una visita col ssn mesi di attesa...privatamente domattina alle ore 8.00 !!!",B39
1,"user ci vorrebbe onest√† intellettuale di non limitare alla "" destra "" le pulsioni no vax di questo paese . erano organici ai 5 stelle  cunial , bonafede , taverna , barillari , conte . nn ricordate nulla ? #lamemoriadelcriceto",B377
2,cosa non ci hanno detto in italia sui vacciniüò±   link,B27
1,"coronavirus, a matera continuano le vaccinazioni senza prenotazione link",B471
0,"user io mi sono vaccinato 2 volte, per proteggere mia moglie che ha malattia autoimmune e non pu√≤ vaccinarsi. poi vedremo a ottobre...",B466
0,"i free riders del vaccino, ovvero gli scrocconi di libert√† (di d. faraone) link #",B126
0,"credevo di aver bonificato i miei follower, e invece ‚Ä¶ ‚Äòsti novax spuntano come scarafaggi di notte",B295
0,sto pensando ai vaccini! link,B172
1,user_maffi user a tg lombardia conferenza stampa prima regione a raggiungere 1 milione di vaccinati,B131
1,pfizer sta pensando di adattare il nuovo richiamo alle varianti.,B77
2,"secondo i dati ufficiali, negli ultimi tre mesi sono morte pi√π persone a causa dei vaccini che nell'ultimo decennio alvaro colombres garmendia | thebl 03/31/21, 13:54 link",B517
0,"user #de luca si √® vaccinato per vincere i timori delle persone. lo ha fatto sotto i riflettori. se voleva fare il furbo lo avrebbe fatto di nascosto. se fosse stato in lombardia, i lombardi e tutti noi non avremmo assistito a questo schifo di amministratori incapaci ed inetti.",B461
1,"vaccini napoli, 40 giorni per richiamo pfizer e¬†moderna link",B389
1,"11) banco informazioni, ti danno un modulo ""lo compilo e glielo d√≤ adesso?""  12) ti fanno prendere appuntamento dal sito 13) complimenti ha un appuntamento per consegnare il modulo fra un mese. 14) la pandemia √® finita, non ho la tessera sanitaria e non ho ancora il vaccino",B184
2,"prima di covid, qualcuno ha chiesto se le infermiere erano vaccinate contro l'influenza? no, pensavo di no. eppure l'influenza √® mortale per certi gruppi di persone. l'#ipocrisia √® reale &amp; √® fastidiosa. gli amanti delle maschere hanno mostrato i loro veri colori. sono dei ...üëá",B97
2,"coloro che ci hanno messo paura a causa del covid, sono gli stessi che ci vogliono imporre la somministrazione del vaccino  link",B24
0,per l'ottimo andamento della campagna vaccinale voglio ringraziare marco travaglio. ogni sua lacrima sono sui 50mila vaccinati in pi√π,B276
1,user inutile inviare dosi di vaccino alle regioni che non riescono a farle.,B46
2,"studio scientifico vaccini covid-19 .. forte risposta immunitaria infiammatoria, compresi polmoni e fegato .. . .. affaticamento, mal di testa, brividi, dolori muscolari, febbre e dolori articolari .. . .. intense reazioni infiammatorie e trombotiche .. link",B473
1,"user_pallina user i vaccini non ti impediscono di contrarre il virus, impediscono teoricamente di avere effetti avversi ad esso.",B500
0,"vaccini, figliuolo: si vada avanti con over 60, se no non ne usciamo pi√π link",B36
